{
    "accuracy": 0.8019872249822569,
    "precision": 0.6643356643356644,
    "recall": 0.5093833780160858,
    "f1_score": 0.5766312594840668
}